1,6144,6143,1,1,143,0.9767214715936838
2,6276,6275,2,2,132,1.9351394422310757
3,6419,6418,3,3,143,2.869741352446245
4,6543,6542,4,4,124,3.79639254050749
5,6678,6677,5,5,135,4.699415905346712
6,6815,6814,6,6,137,5.58482535955386
7,6944,6943,7,7,129,6.462480195880743
8,7102,7101,8,8,158,7.296437121532178
9,7212,7211,9,9,110,8.169879350991542
10,7353,7352,10,10,141,8.994015233949945
11,7494,7493,11,11,141,9.805952222073936
12,7655,7654,12,12,161,10.57865168539326
13,7847,7846,13,13,192,11.295309711955136
14,8002,8001,14,14,155,12.057117860267466
15,8172,8171,15,15,170,12.78546077591482
16,8363,8362,16,16,191,13.470581200669697
17,8531,8530,17,17,168,14.185580304806566
18,8715,8714,18,18,184,14.864929997704843
19,8882,8881,19,19,167,15.566602860038284
20,9076,9075,20,20,194,16.212451790633608
21,9269,9268,21,21,193,16.854013810962453
22,9455,9454,22,22,186,17.502750158662998
23,9660,9659,23,23,205,18.110052800496945
24,9854,9853,24,24,194,18.733786663960217
25,10076,10075,25,25,222,19.298957816377172
26,10285,9631,26,26,209,19.5139653203198
27,10515,9740,27,27,230,19.971971252566735
28,10712,9889,28,28,197,20.52887046212964
29,10932,10089,29,29,220,21.05243334324512
30,11162,10268,30,30,230,21.526392676275808
31,11364,10430,31,31,202,22.07679769894535
32,11556,10572,32,32,192,22.628074158153613
33,11777,10743,33,33,221,23.11886810015824
34,12021,10910,34,34,244,23.530614115490376
35,12236,11059,35,35,215,24.016276336015913
36,12465,11219,36,36,229,24.465282110705054
37,12745,11447,37,37,280,24.811828426662007
38,12995,11631,38,38,250,25.209354311753074
39,13257,11821,39,39,262,25.5995262668133
40,13490,11968,40,40,233,26.01462232620321
41,13770,12153,41,41,280,26.328396280753722
42,14046,12349,42,42,276,26.655842578346427
43,14318,12535,43,43,272,26.99170323095333
44,14610,12737,44,44,292,27.291669937975975
45,14888,12935,45,45,278,27.632238113645148
46,15150,13105,46,46,262,28.003510110644793
47,15448,13283,47,47,298,28.268011744334864
48,15722,13436,48,48,274,28.564751414111342
49,15987,13596,49,49,265,28.909679317446308
50,16275,13761,50,50,288,29.204418283554975
51,16517,12397,51,51,242,27.07582479632169
52,16758,11628,52,52,241,25.598039215686274
53,16987,11203,53,53,229,24.682138712844775
54,17206,11017,54,54,219,24.273758736498138
55,17399,10934,55,55,193,24.224254618620815
56,17630,10940,56,56,231,24.194149908592323
57,17864,10978,57,57,234,24.24230278739297
58,18079,11017,58,58,215,24.38277207951348
59,18317,11066,59,59,238,24.453189951201878
60,18555,11109,60,60,238,24.50877666756684
61,18796,11149,61,61,241,24.552515920710377
62,19037,11199,62,62,241,24.64514688811501
63,19277,11228,63,63,240,24.66378696116851
64,19507,11272,64,64,230,24.76428317955997
65,19737,11311,65,65,230,24.836619220228098
66,19952,11305,66,66,215,24.920919946926137
67,20205,11360,67,67,253,24.94788732394366
68,20462,11407,68,68,257,24.983869553782764
69,20702,11443,69,69,240,25.02123568994145
70,20912,11444,70,70,210,25.118053128276827
71,21144,11470,71,71,232,25.188317349607672
72,21396,11519,72,72,252,25.234916225366785
73,21633,11559,73,73,237,25.32347088848516
74,21882,11602,74,74,249,25.39648336493708
75,22133,11630,75,75,251,25.409372312983663
76,22380,11670,76,76,247,25.45801199657241
77,22637,11716,77,77,257,25.46073745305565
78,22882,11736,78,78,245,25.493524199045673
79,23134,11746,79,79,252,25.465860718542483
80,23379,11749,80,80,245,25.446591199251
81,23645,11796,81,81,266,25.448626653102746
82,23893,11821,82,82,248,25.47508671009221
83,24138,11859,83,83,245,25.54903448857408
84,24383,11860,84,84,245,25.55868465430017
85,24620,11885,85,85,237,25.660159865376524
86,24903,11942,86,86,283,25.66663875397756
87,25122,11896,87,87,219,25.732094821788838
88,25365,11878,88,88,243,25.69666610540495
89,25596,11844,89,89,231,25.69258696386356
90,25849,11839,90,90,253,25.631979052284823
91,26066,11816,91,91,217,25.706668923493567
92,26329,11806,92,92,263,25.64348636286634
93,26587,11793,93,93,258,25.532604087170355
94,26832,11756,94,94,245,25.471503912895542
95,27060,11709,95,95,228,25.457767529251004
96,27309,11700,96,96,249,25.415042735042736
97,27544,11676,97,97,235,25.41735183281946
98,27787,11661,98,98,243,25.37458193979933
99,28034,11648,99,99,247,25.320999313186814
100,28274,11631,100,100,240,25.268592554380536
101,28506,11606,101,101,232,25.2467689126314
102,28763,11605,102,102,257,25.17302886686773
103,29008,11618,103,103,245,25.135307281804096
104,29227,11595,104,104,219,25.19879258300992
105,29456,11611,105,105,229,25.300663164240806
106,29715,11641,106,106,259,25.311657074134523
107,29957,11652,107,107,242,25.33916924133196
108,30253,11720,108,108,296,25.23182593856655
109,30536,11782,109,109,283,25.178068239687658
110,30764,11789,110,110,228,25.240393587242345
111,31018,11785,111,111,254,25.214764531183707
112,31261,11806,112,112,243,25.263594782314076
113,31497,11796,113,113,236,25.272126144455747
114,31732,11799,114,114,235,25.298669378760913
115,31993,11839,115,115,261,25.329250781315988
116,32218,11808,116,116,225,25.361195799457995
117,32464,11849,117,117,246,25.414634146341463
118,32678,11802,118,118,214,25.430435519403492
119,32921,11811,119,119,243,25.472186944373888
120,33165,11819,120,120,244,25.482781961248836
121,33410,11820,121,121,245,25.483333333333334
122,33689,11836,122,122,279,25.38856032443393
123,33931,11833,123,123,242,25.43167413166568
124,34201,11859,124,124,270,25.358461927649888
125,34415,11825,102,124,214,25.392980972515858
126,34652,11827,103,124,237,25.397987655364844
127,34883,11792,104,124,231,25.402137042062414
128,35118,11782,105,124,235,25.426922424036665
129,35360,11774,106,124,242,25.416001358926447
130,35609,11767,96,124,249,25.355570663720574
131,35840,11761,97,124,231,25.421817872629877
132,36101,11802,98,124,261,25.442297915607526
133,36313,11775,99,124,212,25.523906581740977
134,36581,11799,98,124,268,25.470124586829392
135,36849,11830,99,124,268,25.433220625528318
136,37137,11881,100,124,288,25.36874000505008
137,37406,11942,101,124,269,25.42270976385865
138,37637,11931,102,124,231,25.46643198390747
139,37885,11948,103,124,248,25.490458654168062
140,38130,11948,98,124,245,25.5046869768999
141,38380,11966,99,124,250,25.54512786227645
142,38642,11973,100,124,262,25.534452518165875
143,38901,11978,101,124,259,25.475455000834863
144,39157,11984,102,124,256,25.43132510013351
145,39415,11995,103,124,258,25.40917048770321
146,39682,11991,104,124,267,25.33583520974064
147,39928,11998,105,124,246,25.359143190531757
148,40157,11978,102,124,229,25.384120888295207
149,40408,11998,97,124,251,25.387731288548093
150,40669,12011,97,124,261,25.373740737657148
151,40932,12018,98,124,263,25.324097187552006
152,41189,11997,98,124,257,25.25539718262899
153,41424,12009,99,124,235,25.343742193354984
154,41662,12004,100,124,238,25.366377874041987
155,41887,11986,101,124,225,25.387618888703486
156,42130,12000,102,124,243,25.438166666666667
157,42376,12000,103,124,246,25.467666666666666
158,42609,11971,104,124,233,25.459610725920975
159,42839,11947,101,124,230,25.494098936971625
160,43061,11922,102,124,222,25.52549907733602
161,43295,11903,100,124,234,25.544988658321433
162,43518,11876,98,124,223,25.59666554395419
163,43779,11898,99,124,261,25.57875273155152
164,44050,11914,100,124,271,25.52895752895753
165,44317,11949,101,124,267,25.531425223868105
166,44573,11976,102,124,256,25.561623246492985
167,44815,11980,103,124,242,25.575709515859767
168,45054,11985,104,124,239,25.618856904463915
169,45312,12011,101,124,258,25.65431687619682
170,45557,12016,102,124,245,25.687916111850864
171,45831,12040,103,124,274,25.648006644518272
172,46076,12047,104,124,245,25.673196646468
173,46314,12027,105,124,238,25.65893406502037
174,46580,12040,106,124,266,25.60656146179402
175,46851,12048,107,124,271,25.516932270916335
176,47104,12040,101,124,253,25.48654485049834
177,47370,12051,102,124,266,25.414488424197163
178,47635,12075,103,124,265,25.35991718426501
179,47884,12082,104,124,249,25.371958285052145
180,48114,12067,105,124,230,25.43018148669926
181,48344,12066,99,124,230,25.521382396817504
182,48612,12088,98,124,268,25.470466578424883
183,48871,12113,99,124,259,25.5049120779328
184,49120,12105,100,124,249,25.47327550598926
185,49372,12107,101,124,252,25.456512761212522
186,49623,12101,102,124,251,25.459218246425916
187,49877,12104,103,124,254,25.446133509583607
188,50150,12128,104,124,273,25.400065963060687
189,50395,12119,101,124,245,25.386335506229887
190,50648,12116,102,124,253,25.377187190491913
191,50900,12118,103,124,252,25.389420696484567
192,51141,12108,104,124,241,25.42798149983482
193,51409,12111,105,124,268,25.35414086367765
194,51644,12108,106,124,235,25.40849025437727
195,51888,12117,107,124,244,25.432945448543368
196,52124,12099,106,124,236,25.451194313579634
197,52398,12117,106,124,274,25.368242964430138
198,52640,12121,107,124,242,25.409949674119297
199,52900,12156,108,124,260,25.422507403751233
200,53154,12166,109,124,254,25.42816044714779
201,53406,12162,110,124,252,25.4158855451406
202,53657,12134,111,124,251,25.369292895994725
203,53907,12108,112,124,250,25.33465477370334
204,54144,12093,113,124,237,25.379723807161167
205,54370,12082,114,124,226,25.45687800033107
206,54627,12105,115,124,257,25.4876497315159
207,54855,12075,116,124,228,25.544596273291926
208,55112,12086,117,124,257,25.54194936289922
209,55363,12090,118,124,251,25.548966087675765
210,55627,12088,113,124,264,25.499007279947055
211,55871,12086,114,124,244,25.552457388714213
212,56133,12106,115,124,262,25.55757475631918
213,56363,12082,116,124,230,25.61032941565966
214,56608,12055,117,124,245,25.587059311489007
215,56849,12038,118,124,241,25.598189067951488
216,57100,12021,119,124,251,25.567839614008818
217,57362,11988,116,124,262,25.487404070737405
218,57639,12010,117,124,277,25.399500416319732
219,57882,11996,118,124,243,25.40713571190397
220,58125,11985,119,124,243,25.425615352523987
221,58328,11946,120,124,203,25.51783023606228
222,58575,11949,121,124,247,25.52314001171646
223,58822,11919,122,124,247,25.476046648208744
224,59058,11889,109,124,236,25.4828833375389
225,59309,11874,110,124,251,25.425298972545058
226,59554,11866,111,124,245,25.427271195010956
227,59795,11879,112,124,241,25.445407862614697
228,60063,11895,113,124,268,25.3921815889029
229,60288,11885,114,124,225,25.447707193941945
230,60541,11903,115,124,253,25.451062757288078
231,60812,11932,116,124,271,25.41099564197117
232,61078,11965,117,124,266,25.37317175094024
233,61315,11955,118,124,237,25.414387285654538
234,61544,11920,119,124,229,25.414513422818793
235,61788,11911,120,124,244,25.418352783141632
236,62041,11901,121,124,253,25.372825812956894
237,62279,11898,122,124,238,25.387712220541268
238,62540,11925,102,124,261,25.36922431865828
239,62791,11936,103,124,251,25.350619973190348
240,63029,11942,104,124,238,25.386534918774075
241,63292,11960,105,124,263,25.350250836120402
242,63536,11956,106,124,244,25.37579458012713
243,63804,11991,107,124,268,25.346092903010593
244,64062,12004,108,124,258,25.336387870709764
245,64277,11976,109,124,215,25.426436205744825
246,64531,11988,110,124,254,25.42042042042042
247,64795,12000,111,124,264,25.390583333333332
248,65040,12020,112,124,245,25.448502495840266
249,65336,12072,113,124,296,25.363154406891983
250,65592,12073,114,124,256,25.34896049035037
251,65859,12092,115,124,267,25.33699966920278
252,66158,12138,116,124,299,25.238671939363982
253,66414,12155,117,124,256,25.251090086384202
254,66636,12142,118,124,222,25.337917970680284
255,66898,12156,119,124,262,25.293435340572557
256,67132,12124,120,124,234,25.281672715275487
257,67417,12163,114,124,285,25.244100961933732
258,67677,12161,114,124,260,25.227695090864238
259,67951,12156,111,124,274,25.176538334978613
260,68214,12153,112,124,263,25.16308730354645
261,68432,12109,113,124,218,25.243042365182923
262,68683,12072,114,124,251,25.224983432736913
263,68935,12084,115,124,252,25.25943396226415
264,69199,12088,116,124,264,25.22543017868961
265,69469,12111,117,124,270,25.209066138221452
266,69748,12120,118,124,279,25.114686468646866
267,70007,12140,104,124,259,25.132948929159802
268,70278,12135,105,124,271,25.067490729295425
269,70551,12145,106,124,273,25.041416220666942
270,70802,12161,107,124,251,25.083463530959627
271,71050,12166,108,124,248,25.099868485944434
272,71324,12197,106,124,274,25.071492990079527
273,71610,12242,107,124,286,25.037902303545174
274,71852,12245,108,124,242,25.085340955492036
275,72095,12220,108,124,243,25.101472995090017
276,72350,12212,109,124,255,25.088110055682936
277,72608,12195,110,124,258,25.086838868388686
278,72858,12187,111,124,250,25.106835152211374
279,73110,12217,112,124,252,25.17074568224605
280,73377,12223,109,124,267,25.18416100793586
281,73616,12214,110,124,239,25.216145406910105
282,73907,12251,111,124,291,25.154926128479307
283,74162,12244,109,124,255,25.136393335511272
284,74419,12268,108,124,257,25.17533420280404
285,74674,12287,105,124,255,25.218442256042973
286,74921,12293,106,124,247,25.236394696168553
287,75175,12318,107,124,254,25.28819613573632
288,75441,12328,108,124,266,25.263708630759247
289,75757,12398,107,124,316,25.172689143410228
290,76012,12398,107,124,255,25.175754153895788
291,76246,12373,108,124,234,25.23260324900994
292,76501,12391,109,124,255,25.245420062948913
293,76769,12413,106,124,268,25.189237090147426
294,77015,12387,107,124,246,25.171066440623235
295,77280,12413,108,124,265,25.17554177072424
296,77552,12456,109,124,272,25.204640333975593
297,77816,12484,110,124,264,25.229093239346362
298,78058,12452,111,124,242,25.234179248313524
299,78309,12453,112,124,251,25.271420541235045
300,78575,12483,113,124,266,25.28126251702315
301,78879,12541,103,124,304,25.20979188262499
302,79146,12555,104,124,267,25.210911987256072
303,79398,12571,105,124,252,25.26584997215814
304,79671,12582,106,124,273,25.237879510411698
305,79958,12627,107,124,287,25.217470499722815
306,80208,12639,108,124,250,25.261808687396154
307,80498,12662,109,124,290,25.208734797030484
308,80737,12651,110,124,239,25.253972018022292
309,81003,12671,111,124,266,25.2511246152632
310,81228,12650,112,124,225,25.345533596837946
311,81485,12664,101,124,257,25.368524952621605
312,81749,12679,102,124,264,25.386623550753214
313,82024,12727,103,124,275,25.418873261569892
314,82306,12778,104,124,282,25.424244795742684
315,82593,12807,105,124,287,25.384945732802375
316,82871,12845,106,124,278,25.37633320358116
317,83136,12828,107,124,265,25.34650763953851
318,83397,12840,108,124,261,25.353426791277258
319,83673,12879,109,124,276,25.358102337137975
320,83942,12903,110,124,269,25.390219328838256
321,84218,12917,111,124,276,25.380041805372766
322,84503,12928,112,124,285,25.357363861386137
323,84734,12885,100,124,231,25.40240589833139
324,84983,12874,101,124,249,25.470638496193878
325,85255,12890,102,124,272,25.464391000775795
326,85501,12883,103,124,246,25.524955367538617
327,85825,12914,104,124,324,25.34396778689794
328,86107,12963,105,124,282,25.351461852966136
329,86397,12992,106,124,290,25.316425492610836
330,86670,12992,107,124,273,25.3120381773399
331,86933,12999,102,124,263,25.32794830371567
332,87206,13005,100,124,273,25.328104575163398
333,87479,13018,101,124,273,25.32885235827316
334,87738,13017,102,124,259,25.344856725820083
335,88007,13011,101,124,269,25.30919990777035
336,88291,13033,102,124,284,25.313665311133278
337,88582,13080,103,124,291,25.32446483180428
338,88872,13107,98,124,290,25.312199588006408
339,89144,13103,99,124,272,25.297947035030145
340,89401,13091,100,124,257,25.345351768390497
341,89682,13124,101,124,281,25.369628162145688
342,89958,13115,102,124,276,25.377964163171942
343,90222,13094,103,124,264,25.39980143577211
344,90494,13073,104,124,272,25.386674825977206
345,90773,13080,105,124,279,25.358027522935778
346,91050,13118,106,124,277,25.443284037200794
347,91339,13119,107,124,289,25.3895876210077
348,91612,13112,108,124,273,25.377364246491762
349,91899,13120,109,124,287,25.341996951219514
350,92168,13123,110,124,269,25.364703192867484
351,92467,13125,111,124,299,25.287085714285713
352,92738,13123,112,124,271,25.28621504229216
353,92990,13066,108,124,252,25.26243685902342
354,93249,13060,109,124,259,25.300076569678406
355,93521,13049,110,124,272,25.285539121771784
356,93814,13089,111,124,293,25.242264496905797
357,94072,13100,112,124,258,25.28916030534351
358,94346,13103,113,124,274,25.290620468594977
359,94644,13143,114,124,298,25.247432093129422
360,94941,13184,115,124,297,25.249848300970875
361,95214,13203,116,124,273,25.298947208967657
362,95503,13224,117,124,289,25.29408650937689
363,95787,13239,105,124,284,25.277060200921518
364,96081,13264,106,124,294,25.271335946924005
365,96349,13248,107,124,268,25.276117149758456
366,96611,13231,108,124,262,25.29710528304739
367,96888,13242,109,124,277,25.32517746563963
368,97136,13235,110,124,248,25.41783150736683
369,97408,13247,111,124,272,25.440326111572432
370,97668,13232,112,124,260,25.461381499395404
371,97927,13240,113,124,259,25.520468277945618
372,98200,13226,114,124,273,25.480114925147436
373,98493,13263,115,124,293,25.466485712131494
374,98772,13306,105,124,279,25.50608747933263
375,99023,13303,106,124,251,25.567616327144254
376,99290,13310,107,124,267,25.592261457550713
377,99573,13318,108,124,283,25.592356209641085
378,99858,13331,109,124,285,25.562898507238767
379,100149,13338,110,124,291,25.505098215624532
380,100407,13332,111,124,258,25.555655565556556
381,100688,13325,112,124,281,25.537260787992494
382,100974,13311,113,124,286,25.516490120952596
383,101229,13285,114,124,255,25.552201731275876
384,101499,13289,108,124,270,25.58341485439085
385,101767,13281,107,124,268,25.561704690911828
386,102056,13304,108,124,289,25.555246542393267
387,102329,13295,109,124,273,25.54802557352388
388,102598,13306,110,124,269,25.582368856155117
389,102885,13335,111,124,287,25.569403824521935
390,103160,13325,112,124,275,25.56517823639775
391,103432,13336,113,124,272,25.59118176364727
392,103679,13312,114,124,247,25.64971454326923
393,103964,13315,101,124,285,25.60112654900488
394,104240,13321,102,124,276,25.587268223106374
395,104494,13314,103,124,254,25.646837914976715
396,104780,13339,104,124,286,25.651548092060874
397,105060,13368,105,124,280,25.67945840813884
398,105314,13342,106,124,254,25.73482236546245
399,105595,13342,107,124,281,25.707165342527357
400,105892,13338,108,124,297,25.63195381616434
401,106169,13317,109,124,277,25.60066080949163
402,106453,13320,110,124,284,25.58265765765766
403,106719,13299,111,124,266,25.575531994886834
404,107000,13299,112,124,281,25.550567711858033
405,107288,13274,113,124,288,25.492767816784692
406,107579,13273,114,124,291,25.452422210502522
407,107846,13238,115,124,267,25.448557183864633
408,108107,13225,116,124,261,25.490359168241966
409,108366,13197,117,124,259,25.524588921724636
410,108644,13163,118,124,278,25.412975765403022
411,108907,13156,119,124,263,25.42725752508361
412,109189,13154,120,124,282,25.388398966093963
413,109433,13098,121,124,244,25.38792182012521
414,109711,13093,116,124,278,25.367448254792638
415,109979,13089,117,124,268,25.372297348918938
416,110254,13095,118,124,275,25.399083619702175
417,110545,13093,119,124,291,25.34720843198656
418,110805,13088,120,124,260,25.42145476772616
419,111063,13064,108,124,258,25.43661971830986
420,111338,13081,109,124,275,25.468312820120786
421,111603,13086,110,124,265,25.51176830200214
422,111880,13078,111,124,277,25.509175714941122
423,112161,13074,104,124,281,25.471470093314977
424,112443,13081,105,124,282,25.45730448742451
425,112742,13124,106,124,299,25.45039622066443
426,113026,13126,107,124,284,25.38869419472802
427,113266,13081,108,124,240,25.41411207094259
428,113539,13076,109,124,273,25.397828081982258
429,113825,13075,110,124,286,25.340420650095602
430,114106,13099,111,124,281,25.340560348118178
431,114366,13083,112,124,260,25.36757624398074
432,114607,13051,113,124,241,25.416596429392385
433,114868,13036,114,124,261,25.406029456888618
434,115141,13045,114,124,273,25.404906094289
435,115403,13058,115,124,262,25.464389646193904
436,115679,13044,116,124,276,25.44618215271389
437,115936,13044,117,124,257,25.4925636307881
438,116198,13049,118,124,262,25.537282550387
439,116465,13022,119,124,267,25.52065734910152
440,116726,13023,120,124,261,25.560009214466714
441,116999,13027,121,124,273,25.57357795348123
442,117253,13003,122,124,254,25.559793893716833
443,117512,13002,123,124,259,25.59344716197508
444,117790,13006,124,124,278,25.588343841304013
445,118063,12980,125,125,273,25.51456086286595
446,118313,13008,126,126,250,25.629843173431734
447,118607,13028,99,126,294,25.590497390236415
448,118903,13065,100,126,296,25.563260619977036
449,119168,13078,101,126,265,25.595427435387673
450,119420,13068,100,126,252,25.661692684419958
451,119691,13064,101,126,271,25.65592467850582
452,119968,13087,102,126,277,25.67356919080003
453,120255,13099,103,126,287,25.62478051759676
454,120519,13106,104,126,264,25.648939417060888
455,120830,13137,105,126,311,25.57159168759991
456,121120,13159,106,126,290,25.561668819819136
457,121368,13138,107,126,248,25.607550616532198
458,121651,13150,108,126,283,25.558174904942966
459,121949,13173,109,126,298,25.525013284749107
460,122239,13175,110,126,290,25.438330170777988
461,122506,13166,111,126,267,25.44425034178946
462,122761,13127,112,126,255,25.419136131637085
463,123014,13117,113,126,253,25.462300830982695
464,123275,13098,114,126,261,25.462895098488318
465,123533,13095,106,126,258,25.49774723176785
466,123845,13132,107,126,312,25.379074017666767
467,124104,13112,108,126,259,25.368288590604028
468,124394,13159,109,126,290,25.388631354966183
469,124684,13187,110,126,290,25.36990975961174
470,124962,13185,111,126,278,25.34478574137277
471,125234,13196,112,126,272,25.331842982722037
472,125502,13188,113,126,268,25.346678798908098
473,125767,13180,114,126,265,25.365174506828527
474,126052,13206,115,126,285,25.366045736786308
475,126288,13169,116,126,236,25.40937049130534
476,126585,13186,117,126,297,25.336417412407098
477,126882,13214,118,126,297,25.289163008929922
478,127173,13252,119,126,291,25.294370661032296
479,127427,13271,120,126,254,25.360183859543366
480,127703,13262,121,126,276,25.315337053234806
481,127998,13299,122,126,295,25.29979697721633
482,128283,13347,123,126,285,25.323518393646513
483,128573,13409,124,126,290,25.361921097770153
484,128856,13452,110,126,283,25.378308058281295
485,129156,13509,111,126,300,25.384188318898513
486,129428,13519,112,126,272,25.411864782898142
487,129723,13563,113,126,295,25.428592494285926
488,130002,13598,114,126,279,25.461391381085452
489,130316,13666,115,126,314,25.429533147958438
490,130583,13665,116,126,267,25.46293450420783
491,130897,13704,104,126,314,25.389959136018682
492,131182,13726,105,126,285,25.393268250036428
493,131470,13779,106,126,288,25.44096088250236
494,131741,13801,107,126,271,25.514310557206
495,132060,13853,108,126,319,25.47007868331769
496,132344,13882,109,126,284,25.493876962973633
497,132648,13904,110,126,304,25.45418584579977
498,132937,13902,111,126,289,25.429074953244136
499,133213,13889,110,126,276,25.441860465116278
500,133545,13955,98,126,332,25.36309566463633
501,133810,13941,99,126,265,25.394161107524567
502,134132,13994,97,126,322,25.363941689295412
503,134436,14025,98,126,304,25.343030303030304
504,134745,14063,99,126,309,25.308469032212187
505,135026,14076,100,126,281,25.354433077578857
506,135354,14148,101,126,328,25.323649985863728
507,135676,14196,102,126,322,25.269160326852635
508,135992,14249,103,126,316,25.273913958874306
509,136284,14260,104,126,292,25.297615708274893
510,136592,14289,105,126,308,25.28469452026034
511,136899,14315,106,126,307,25.28250087320992
512,137205,14345,107,126,306,25.29571279191356
513,137503,14351,108,126,298,25.27036443453418
514,137792,14346,109,126,289,25.24961661787258
515,138088,14378,106,126,296,25.300180831826403
516,138427,14436,107,126,339,25.22679412579662
517,138771,14494,108,126,344,25.1422657651442
518,139085,14526,109,126,314,25.120198265179678
519,139363,14530,110,126,278,25.197040605643497
520,139628,14514,111,126,265,25.280418905883973
521,139952,14545,112,126,324,25.24118253695428
522,140288,14581,113,126,336,25.155956381592482
523,140588,14616,114,126,300,25.211343732895457
524,140865,14634,98,126,277,25.292606259395928
525,141191,14705,99,126,326,25.308262495749744
526,141487,14732,100,126,296,25.350936736356232
527,141798,14750,101,126,311,25.33213559322034
528,142110,14765,102,126,312,25.31283440568913
529,142403,14755,101,126,293,25.341443578447983
530,142703,14762,102,126,300,25.34304294811001
531,143001,14742,103,126,298,25.33068783068783
532,143307,14747,104,126,306,25.322370651657966
533,143628,14772,105,126,321,25.294272948822094
534,143954,14815,106,126,326,25.270806614917312
535,144263,14818,104,126,309,25.26562289107842
536,144558,14830,105,126,295,25.320296695886714
537,144867,14846,106,126,309,25.314697561632762
538,145145,14812,107,126,278,25.354982446664867
539,145444,14795,108,126,299,25.34457587022643
540,145721,14798,109,126,277,25.409312069198542
541,146020,14783,110,126,299,25.39078671446932
542,146342,14789,111,126,322,25.362702008249375
543,146664,14817,112,126,322,25.356347438752785
544,146965,14849,107,126,301,25.386490672772577
545,147274,14860,107,126,309,25.366689098250337
546,147584,14877,108,126,310,25.353767560664114
547,147909,14924,109,126,325,25.342200482444383
548,148187,14899,110,126,278,25.381837707228673
549,148488,14911,108,126,301,25.399637851250755
550,148774,14920,103,126,286,25.45764075067024
551,149097,14951,104,126,323,25.419971908233563
552,149379,14918,97,126,282,25.418755865397507
553,149657,14908,98,126,278,25.48054735712369
554,149965,14934,99,126,308,25.500803535556447
555,150311,14977,100,126,346,25.451826133404552
556,150632,14991,101,126,321,25.417583883663532
557,150995,15054,102,126,363,25.33519330410522
558,151310,15061,103,126,315,25.32753469225151
559,151597,15059,104,126,287,25.411979547114683
560,151907,15067,105,126,310,25.423110108183447
561,152238,15061,106,126,331,25.345196202111413
562,152559,15076,107,126,321,25.32382594852746
563,152819,15021,108,126,260,25.388256440982623
564,153123,15026,109,126,304,25.410555037934248
565,153437,15021,110,126,314,25.375341189002064
566,153756,15034,111,126,319,25.36211254489823
567,154077,15060,112,126,321,25.378021248339973
568,154397,15048,113,126,320,25.34170653907496
569,154691,15036,108,126,294,25.40316573556797
570,154995,15043,109,126,304,25.425513527886725
571,155289,15055,98,126,294,25.481036200597806
572,155594,15041,99,126,305,25.484941160827074
573,155887,15023,100,126,293,25.51620848033016
574,156177,15007,101,126,290,25.58526021190111
575,156488,14992,102,126,311,25.5852454642476
576,156771,14955,103,126,283,25.63216315613507
577,157107,14979,104,126,336,25.615394886173977
578,157430,14984,105,126,323,25.589161772557393
579,157753,14983,106,126,323,25.564506440632716
580,158077,14986,107,126,324,25.553049512878687
581,158364,14961,102,126,287,25.617271572755833
582,158676,14976,103,126,312,25.63434829059829
583,158970,14948,104,126,294,25.63794487556864
584,159270,14932,105,126,300,25.652156442539514
585,159580,14925,106,126,310,25.636515912897824
586,159893,14914,107,126,313,25.62069196727907
587,160207,14909,108,126,314,25.59454021061104
588,160507,14897,109,126,300,25.624555279586495
589,160832,14923,110,126,325,25.599142263619914
590,161123,14910,111,126,291,25.626961770623744
591,161437,14943,112,126,314,25.638492939838052
592,161742,14947,113,126,305,25.64762159630695
593,162101,14976,114,126,359,25.542267628205128
594,162373,14939,115,126,272,25.606867929580293
595,162702,14933,114,126,329,25.505457711109624
596,163006,14914,115,126,304,25.49718385409682
597,163323,14884,116,126,317,25.427640419242138
598,163647,14906,117,126,324,25.40225412585536
599,163952,14906,118,126,305,25.414732322554677
600,164284,14939,119,126,332,25.412544347011178
601,164611,14940,120,126,327,25.343105756358767
602,164929,14945,116,126,318,25.318501170960186
603,165227,14959,111,126,298,25.3664014974263
604,165528,14975,112,126,301,25.442136894824706
605,165845,14956,113,126,317,25.390411874832843
606,166172,14959,103,126,327,25.351159836887494
607,166486,14926,104,126,314,25.304100227790432
608,166801,14890,105,126,315,25.24244459368704
609,167091,14859,106,126,290,25.283262669089442
610,167381,14839,107,126,290,25.338365118943326
611,167703,14840,108,126,322,25.310242587601078
612,167977,14802,109,126,274,25.37717875962708
613,168268,14792,110,126,291,25.42678474851271
614,168579,14808,110,126,311,25.45117504051864
615,168913,14833,111,126,334,25.40578439964943
616,169250,14853,112,126,337,25.3675351780785
617,169581,14873,113,126,331,25.328245814563303
618,169891,14871,106,126,310,25.351892946002287
619,170212,14890,107,126,321,25.34331766286098
620,170520,14869,108,126,308,25.313807249983185
621,170847,14899,109,126,327,25.31008792536412
622,171195,14934,110,126,348,25.239520557117984
623,171509,14946,111,126,314,25.25605513180784
624,171802,14937,112,126,293,25.307625359844682
625,172101,14929,109,126,299,25.329760868109048
626,172420,14978,110,126,319,25.374749632794767
627,172710,14960,111,126,290,25.43161764705882
628,173012,14924,112,126,302,25.409005628517825
629,173330,14910,111,126,318,25.378336686787392
630,173666,14935,110,126,336,25.322865751590225
631,173963,14931,111,126,297,25.365749112584556
632,174267,14939,112,126,304,25.43778030658009
633,174566,14948,113,126,299,25.471568102756223
634,174883,14957,114,126,317,25.491475563281405
635,175199,14961,115,126,316,25.473230399037497
636,175495,14920,116,126,296,25.467962466487936
637,175805,14931,117,126,310,25.478400642957606
638,176147,14953,118,126,342,25.417976325820906
639,176500,14959,119,126,353,25.301089645029748
640,176818,14969,118,126,318,25.285256196138686
641,177117,14958,119,126,299,25.328920978740474
642,177433,14956,115,126,316,25.327293393955603
643,177743,14928,116,126,310,25.3165192926045
644,178062,14940,117,126,319,25.329718875502007
645,178362,14913,118,126,300,25.322202105545497
646,178643,14848,109,126,281,25.343952047413794
647,178946,14820,109,126,303,25.339946018893386
648,179278,14819,110,126,332,25.278696268304206
649,179566,14779,111,126,288,25.283916367819202
650,179853,14730,112,126,287,25.28845892735913
651,180133,14681,113,126,280,25.31401130713167
652,180448,14662,111,126,315,25.262515345791844
653,180768,14692,112,126,320,25.28280696977947
654,181094,14709,113,126,326,25.27874090692773
655,181404,14689,114,126,310,25.28027775886718
656,181692,14695,115,126,288,25.36529431779517
657,182000,14728,116,126,308,25.420016295491582
658,182296,14689,117,126,296,25.396555245421744
659,182621,14740,118,126,325,25.426255088195386
660,182944,14771,119,126,323,25.428136212849502
661,183237,14755,115,126,293,25.441409691629957
662,183546,14755,116,126,309,25.44635716706201
663,183860,14785,117,126,314,25.45187690226581
664,184174,14789,118,126,314,25.442017715869902
665,184490,14808,119,126,316,25.45097244732577
666,184790,14795,120,126,300,25.469482933423453
667,185099,14782,121,126,309,25.447436070897037
668,185415,14806,122,126,316,25.440362015399163
669,185735,14820,123,126,320,25.42314439946019
670,186052,14830,124,126,317,25.390492245448414
671,186354,14833,125,126,302,25.40328996157217
672,186664,14797,117,126,310,25.329120767723186
673,186955,14774,118,126,291,25.342764315689724
674,187255,14768,119,126,300,25.365858613217767
675,187586,14803,120,126,331,25.303992433966087
676,187889,14801,121,126,303,25.32382947098169
677,188177,14786,122,126,288,25.374408223995673
678,188515,14825,123,126,338,25.349342327150083
679,188794,14806,124,126,279,25.40753748480346
680,189087,14760,112,126,293,25.404742547425474
681,189372,14733,113,126,285,25.438675083146677
682,189678,14739,114,126,306,25.419567134812404
683,189997,14769,112,126,319,25.41532940618864
684,190295,14756,113,126,298,25.398210897262132
685,190579,14733,114,126,284,25.426050363130386
686,190887,14756,115,126,308,25.444090539441582
687,191205,14765,102,126,318,25.423230612936
688,191509,14734,103,126,304,25.3612732455545
689,191823,14732,104,126,314,25.326771653543307
690,192130,14733,105,126,307,25.344329057218488
691,192433,14738,106,126,303,25.368842448093364
692,192743,14719,107,126,310,25.343026020789456
693,193019,14669,108,126,276,25.36246506237644
694,193351,14710,109,126,332,25.331543167912983
695,193642,14717,110,126,291,25.41006998708976
696,193958,14730,97,126,316,25.407467752885267
697,194274,14746,96,126,316,25.384239793842397
698,194578,14745,97,126,304,25.395388267209224
699,194889,14765,98,126,311,25.410497798848628
700,195207,14787,99,126,318,25.426388043551768
701,195506,14779,100,126,299,25.440895865755465
702,195829,14780,101,126,323,25.399864682002708
703,196125,14756,102,126,296,25.436771482786664
704,196442,14735,103,126,317,25.408008143875126
705,196743,14735,104,126,301,25.41343739395996
706,197052,14738,105,126,309,25.40840005428145
707,197366,14710,106,126,314,25.35139360978926
708,197651,14650,102,126,285,25.326621160409555
709,197929,14607,103,126,278,25.350106113507223
710,198225,14575,104,126,296,25.342092624356777
711,198516,14562,105,126,291,25.368149979398435
712,198842,14568,103,126,326,25.31411312465678
713,199122,14552,104,126,280,25.360362836723475
714,199430,14546,105,126,308,25.345662037673588
715,199745,14539,106,126,315,25.324437719237913
716,200058,14551,107,126,313,25.305477286784413
717,200376,14566,108,126,318,25.288891940134558
718,200664,14567,109,126,288,25.352852337475117
719,200964,14546,110,126,300,25.370204867317476
720,201288,14564,111,126,324,25.31797583081571
721,201604,14575,112,126,316,25.31567753001715
722,201896,14547,113,126,292,25.30617996837836
723,202220,14549,113,126,324,25.238435631314868
724,202504,14511,114,126,284,25.267659017297223
725,202783,14464,115,126,279,25.28864767699115
726,203089,14485,116,126,306,25.30749050742147
727,203389,14467,117,126,300,25.28679062694408
728,203685,14480,114,126,296,25.316919889502763
729,203990,14507,115,126,305,25.345970910594886
730,204313,14544,116,126,323,25.333677117711773
731,204606,14563,117,126,293,25.402320950353637
732,204933,14607,108,126,327,25.378174847675773
733,205224,14618,109,126,291,25.425092351894925
734,205582,14658,110,126,358,25.3392686587529
735,205888,14667,111,126,306,25.34533306061226
736,206176,14675,112,126,288,25.422010221465076
737,206504,14702,113,126,328,25.383621276016868
738,206821,14731,114,126,317,25.38945081800285
739,207104,14715,115,126,283,25.42031940197078
740,207414,14742,116,126,310,25.443019943019944
741,207709,14763,109,126,295,25.515816568448148
742,208018,14778,110,126,309,25.531059683313032
743,208319,14812,111,126,301,25.610045908722658
744,208649,14880,112,126,330,25.63581989247312
745,208950,14911,110,126,301,25.696465696465697
746,209274,14951,111,126,324,25.70269547187479
747,209590,14987,112,126,316,25.70394341762861
748,209906,15014,113,126,316,25.722792060743306
749,210220,15029,114,126,314,25.728591389979375
750,210531,15062,104,126,311,25.76171823131058
751,210845,15069,105,126,314,25.75200743247727
752,211140,15064,106,126,295,25.778013807753585
753,211462,15087,107,126,322,25.750579969510174
754,211774,15115,108,126,312,25.774462454515383
755,212106,15141,109,126,332,25.70642625982432
756,212433,15164,110,126,327,25.67066737008705
757,212759,15178,111,126,326,25.633614441955462
758,213100,15240,112,126,341,25.609448818897636
759,213435,15297,113,126,335,25.604105380139895
760,213779,15338,114,126,344,25.57354283478941
761,214081,15357,115,126,302,25.62381975646285
762,214396,15350,116,126,315,25.596872964169382
763,214740,15390,117,126,344,25.555230669265757
764,215088,15437,118,126,348,25.516162466800544
765,215382,15424,119,126,294,25.555627593360995
766,215721,15450,120,126,339,25.504789644012945
767,216036,15458,121,126,315,25.502393582610946
768,216349,15476,122,126,313,25.54342207288705
769,216659,15490,123,126,310,25.588185926404133
770,216969,15479,115,126,310,25.555074617223333
771,217288,15465,116,126,319,25.508115098609764
772,217622,15518,117,126,334,25.502319886583322
773,217947,15530,118,126,325,25.492144236960723
774,218286,15573,119,126,339,25.488923136197265
775,218626,15598,120,126,340,25.42101551480959
776,218951,15614,101,126,325,25.397335724349944
777,219282,15633,101,126,331,25.38073306467089
778,219585,15626,102,126,303,25.40880583642647
779,219882,15603,101,126,297,25.43158366980709
780,220205,15602,102,126,323,25.417126009485962
781,220508,15590,103,126,303,25.43155869146889
782,220790,15546,104,126,282,25.458059951112826
783,221111,15552,103,126,321,25.44894547325103
784,221427,15508,104,126,316,25.376450864070158
785,221747,15504,105,126,320,25.36061661506708
786,222083,15505,106,126,336,25.293969687197677
787,222391,15508,107,126,308,25.318674232654114
788,222681,15460,108,126,290,25.339909443725745
789,222976,15449,109,126,295,25.4035212635122
790,223304,15468,110,126,328,25.379169899146625
791,223633,15495,111,126,329,25.37328170377541
792,223972,15508,112,126,339,25.331054939386124
793,224307,15513,113,126,335,25.280216592535293
794,224605,15477,114,126,298,25.28261290947858
795,224925,15481,115,126,320,25.276532523738776
796,225233,15461,116,126,308,25.29176637992368
797,225573,15473,105,126,340,25.258320946164286
798,225887,15471,106,126,314,25.29396936203219
799,226177,15461,107,126,290,25.374037901817477
800,226504,15482,108,126,327,25.419519441932568
801,226830,15465,109,126,326,25.41332040090527
802,227116,15417,110,126,286,25.42505026918337
803,227452,15433,105,126,336,25.412816691505217
804,227742,15402,106,126,290,25.455200623295674
805,228069,15431,107,126,327,25.466528416823277
806,228393,15458,103,126,324,25.474123431233018
807,228728,15460,104,126,335,25.40543337645537
808,229058,15449,102,126,330,25.35853453297948
809,229380,15453,103,126,322,25.370219374878666
810,229675,15440,104,126,295,25.41146373056995
811,229970,15417,105,126,295,25.456898229227477
812,230281,15432,106,126,311,25.51004406428201
813,230632,15470,107,126,351,25.451777634130575
814,230956,15485,108,126,324,25.428091701646753
815,231287,15513,109,126,331,25.398311093921226
816,231568,15453,110,126,281,25.44541512974827
817,231922,15483,111,126,354,25.375573209326358
818,232225,15466,112,126,303,25.376438639596536
819,232541,15476,112,126,316,25.361010597053504
820,232861,15478,113,126,320,25.3519834603954
821,233192,15481,114,126,331,25.31005748982624
822,233511,15472,115,126,319,25.289749224405377
823,233841,15475,116,126,330,25.249693053311795
824,234153,15448,111,126,312,25.239254272397723
825,234503,15462,112,126,350,25.165761221058077
826,234828,15494,113,126,325,25.175487285400802
827,235134,15486,114,126,306,25.177579749451116
828,235433,15470,115,126,299,25.216354234001294
829,235712,15471,116,126,279,25.333010148018875
830,236041,15495,117,126,329,25.325330751855436
831,236356,15479,118,126,315,25.317591575683185
832,236709,15509,119,126,353,25.275130569346832
833,237042,15542,120,126,333,25.290245785613177
834,237365,15557,121,126,323,25.299157935334577
835,237686,15568,122,126,321,25.31384892086331
836,237992,15541,123,126,306,25.300945885078182
837,238291,15526,124,126,299,25.345935849542702
838,238587,15488,125,126,296,25.369705578512395
839,238898,15485,126,126,311,25.39283177268324
840,239242,15511,127,127,344,25.34801108890465
841,239597,15544,128,128,355,25.268270715388574
842,239898,15514,129,129,301,25.27136779682867
843,240220,15519,130,130,322,25.259230620529674
844,240540,15493,131,131,320,25.24275479248693
845,240881,15499,101,131,341,25.191302664688045
846,241197,15473,102,131,316,25.21036644477477
847,241510,15476,103,131,313,25.264409408115792
848,241811,15454,104,131,301,25.289569043613305
849,242138,15495,105,131,327,25.322103904485317
850,242476,15524,106,131,338,25.309842824014428
851,242816,15531,107,131,340,25.27177902259996
852,243136,15536,108,131,320,25.28997167868177
853,243502,15587,109,131,366,25.225380124462692
854,243802,15584,110,131,300,25.294853696098563
855,244121,15605,111,131,319,25.341236783082344
856,244434,15607,112,131,313,25.380085858909464
857,244748,15584,113,131,314,25.379363449691994
858,245076,15573,114,131,328,25.350221537276056
859,245378,15567,115,131,302,25.383246611421598
860,245699,15567,116,131,321,25.378043296717415
861,246026,15582,117,131,327,25.35303555384418
862,246327,15571,118,131,301,25.39849720634513
863,246677,15583,119,131,350,25.33376114997112
864,246998,15588,100,131,321,25.333461637156788
865,247340,15574,101,131,342,25.251765763451907
866,247652,15551,102,131,312,25.271493794611278
867,247972,15531,103,131,320,25.24608846822484
868,248281,15523,104,131,309,25.287637698898408
869,248633,15550,105,131,352,25.24610932475884
870,248979,15566,106,131,346,25.225041757676987
871,249317,15584,107,131,338,25.204953798767967
872,249649,15622,105,131,332,25.236013314556395
873,249976,15642,106,131,327,25.27189617695947
874,250290,15633,107,131,314,25.312224141239685
875,250613,15614,108,131,323,25.32208274625336
876,250967,15647,109,131,354,25.313414712085383
877,251275,15629,110,131,308,25.339944974086634
878,251606,15640,111,131,331,25.36349104859335
879,251912,15676,112,131,306,25.489538147486602
880,252243,15679,113,131,331,25.481982269277378
881,252584,15692,114,131,341,25.47240632169258
882,252932,15724,115,131,348,25.446769269905875
883,253284,15737,116,131,352,25.39105293257927
884,253608,15759,117,131,324,25.452884066247858
885,253940,15770,104,131,332,25.466074825618264
886,254275,15758,105,131,335,25.42670389643356
887,254603,15744,106,131,328,25.423272357723576
888,254924,15716,107,131,321,25.441906337490455
889,255228,15689,108,131,304,25.48479826630123
890,255568,15671,109,131,340,25.434815901984557
891,255890,15632,110,131,322,25.40154810644831
892,256203,15601,111,131,313,25.399653868341773
893,256527,15548,109,131,324,25.343452534087987
894,256826,15489,105,131,299,25.366066240557814
895,257170,15449,106,131,344,25.29471163182083
896,257488,15400,107,131,318,25.265
897,257811,15350,108,131,323,25.236547231270357
898,258172,15375,109,131,361,25.18269918699187
899,258488,15366,110,131,316,25.200117141741508
900,258806,15317,111,131,318,25.163870209571066
901,259102,15229,112,131,296,25.13986473176177
902,259380,15150,113,131,278,25.141056105610563
903,259664,15066,114,131,284,25.147218903491304
904,260025,15078,115,131,361,25.054980766679932
905,260343,15055,116,131,318,25.03234805712388
906,260673,15050,108,131,330,25.021196013289035
907,260991,15018,109,131,318,24.96843787455054
908,261305,14999,110,131,314,24.964664310954063
909,261632,14987,111,131,327,24.928871688796956
910,261919,14933,112,131,287,24.966450143976427
911,262262,14963,113,131,343,24.933769965915925
912,262588,14983,114,131,326,24.948541680571314
913,262913,14967,115,131,325,24.89583750918688
914,263220,14940,112,131,307,24.915461847389558
915,263531,14940,108,131,311,24.93433734939759
916,263849,14947,100,131,318,24.944804977587477
917,264183,15000,101,131,334,24.9576
918,264461,14987,102,131,278,25.0641889637686
919,264772,15002,103,131,311,25.11865084655379
920,265071,15000,104,131,299,25.2016
921,265401,15024,105,131,330,25.205071884984026
922,265712,15031,106,131,311,25.224402900671944
923,265996,15014,107,131,284,25.32656187558279
924,266286,14999,108,131,290,25.394292952863523
925,266614,15015,109,131,328,25.382151182151183
926,266928,15019,110,131,314,25.388374725347894
927,267248,15042,111,131,320,25.417830075787794
928,267560,15037,112,131,312,25.417636496641617
929,267890,15088,113,131,330,25.45015906680806
930,268229,15127,114,131,339,25.44265221127785
931,268578,15165,115,131,349,25.397560171447413
932,268889,15169,116,131,311,25.41874876392643
933,269213,15210,117,131,324,25.46476002629849
934,269555,15243,118,131,342,25.46303221150692
935,269850,15247,119,131,295,25.553813865022626
936,270170,15262,120,131,320,25.571681299960687
937,270513,15292,121,131,343,25.52569971226785
938,270841,15307,122,131,328,25.517802312667406
939,271159,15332,123,131,318,25.576506652752414
940,271481,15331,124,131,322,25.565390385493444
941,271785,15302,125,131,304,25.5686838321788
942,272113,15295,126,131,328,25.52919254658385
943,272440,15300,98,131,327,25.514117647058825
944,272804,15350,99,131,364,25.44788273615635
945,273093,15318,97,131,289,25.50156678417548
946,273403,15331,98,131,310,25.547909464483727
947,273729,15325,99,131,326,25.52358890701468
948,274021,15270,100,131,292,25.505697445972494
949,274328,15283,101,131,307,25.558921677681084
950,274615,15237,102,131,287,25.591126862243225
951,274954,15270,103,131,339,25.593909626719057
952,275271,15285,102,131,317,25.675368007850835
953,275593,15318,101,131,322,25.74148061104583
954,275923,15328,102,131,330,25.74275835073069
955,276259,15323,103,131,336,25.73040527311884
956,276585,15313,104,131,326,25.732057728727224
957,276898,15311,105,131,313,25.75951929984978
958,277229,15306,106,131,331,25.709721677773423
959,277538,15269,107,131,309,25.67758202894754
960,277883,15281,108,131,345,25.639421503828284
961,278213,15286,109,131,330,25.59904487766584
962,278518,15273,110,131,305,25.6357624566228
963,278831,15262,111,131,313,25.647752588127375
964,279148,15246,112,131,317,25.62495080676899
965,279481,15255,113,131,333,25.610750573582433
966,279785,15230,114,131,304,25.61759684832567
967,280088,15207,110,131,303,25.63207733280726
968,280410,15226,111,131,322,25.632996190726388
969,280750,15256,112,131,340,25.633259045621394
970,281065,15271,113,131,315,25.64527535852269
971,281405,15300,114,131,340,25.62156862745098
972,281721,15296,115,131,316,25.593357740585773
973,282046,15290,116,131,325,25.554349247874427
974,282352,15269,117,131,306,25.576462112777524
975,282666,15262,118,131,314,25.561918490368235
976,282991,15295,119,131,325,25.58457012095456
977,283289,15260,120,131,298,25.583355176933157
978,283585,15245,121,131,296,25.596523450311576
979,283932,15284,122,131,347,25.539191311175085
980,284216,15250,123,131,284,25.566098360655737
981,284556,15275,124,131,340,25.48163666121113
982,284860,15287,125,131,304,25.50081768823183
983,285184,15280,126,131,324,25.454057591623037
984,285475,15217,127,131,291,25.396135900637447
985,285762,15202,128,131,287,25.458294961189317
986,286080,15235,129,131,318,25.459730882835576
987,286417,15250,130,131,337,25.386819672131146
988,286744,15274,131,131,327,25.343852298022785
989,287052,15292,132,132,308,25.361169238817684
990,287376,15306,133,133,324,25.34143473147785
991,287722,15355,107,133,346,25.292347769456203
992,288043,15368,105,133,321,25.31025507548152
993,288363,15386,106,133,320,25.331535161835436
994,288709,15411,107,133,346,25.28025436376614
995,289016,15409,108,133,307,25.308520994224153
996,289329,15427,109,133,313,25.334802618785247
997,289655,15458,110,133,326,25.333807737094062
998,289965,15469,111,133,310,25.37778783373198
999,290302,15514,112,133,337,25.367925744488847
1000,290626,15574,113,133,324,25.43328624630795
1001,290944,15574,114,133,318,25.43405676126878
1002,291281,15627,112,133,337,25.43700006399181
1003,291618,15663,113,133,337,25.463640426482794
1004,291940,15688,114,133,322,25.51631820499745
1005,292285,15705,115,133,345,25.509519261381726
1006,292596,15681,116,133,311,25.53121612142083
1007,292885,15634,117,133,289,25.55686324676986
1008,293227,15628,105,133,342,25.525339134886103
1009,293558,15656,102,133,331,25.534427695452223
1010,293906,15680,103,133,348,25.477040816326532
1011,294207,15662,104,133,301,25.528476567488187
1012,294533,15684,105,133,326,25.52250701351696
1013,294843,15684,106,133,310,25.554259117572048
1014,295167,15677,107,133,324,25.559545831472857
1015,295505,15697,104,133,338,25.517869656622285
1016,295858,15720,105,133,353,25.46469465648855
1017,296172,15715,106,133,314,25.465351574928413
1018,296494,15710,107,133,322,25.448313176320816
1019,296821,15688,108,133,327,25.3887684854666
1020,297113,15640,109,133,292,25.366240409207162
1021,297444,15625,98,133,331,25.2896
1022,297744,15582,99,133,300,25.272429726607623
1023,298095,15599,100,133,351,25.16340791076351
1024,298421,15604,101,133,326,25.15983081261215
1025,298768,15638,100,133,347,25.121498912904464
1026,299110,15648,94,133,342,25.04447852760736
1027,299442,15642,95,133,332,25.00262114819077
1028,299780,15656,96,133,338,24.99431527848748
1029,300120,15670,97,133,340,24.964326738991705
1030,300409,15628,95,133,289,25.016764781162017
1031,300732,15601,96,133,323,24.978270623677968
1032,301082,15610,97,133,350,24.910057655349135
1033,301370,15574,98,133,288,24.9872222935662
1034,301671,15531,99,133,301,25.00270426888159
1035,302003,15548,100,133,332,25.004695137638283
1036,302341,15552,101,133,338,24.958269032921812
1037,302676,15547,102,133,335,24.905833922943334
1038,302990,15545,103,133,314,24.920939208748795
1039,303353,15581,102,133,363,24.871574353379117
1040,303658,15570,103,133,305,24.923956326268463
1041,303972,15558,102,133,314,24.938038308265845
1042,304297,15556,103,133,325,24.951144253021344
1043,304608,15550,104,133,311,24.986173633440515
1044,304916,15542,105,133,308,25.014991635568137
1045,305230,15520,106,133,314,25.000386597938146
1046,305559,15521,107,133,329,25.00560530893628
1047,305876,15515,108,133,317,25.016242346116663
1048,306203,15532,109,133,327,25.018349214524854
1049,306507,15516,108,133,304,25.065738592420725
1050,306829,15510,109,133,322,25.072920696324953
1051,307155,15539,110,133,326,25.090610721410645
1052,307456,15508,103,133,301,25.11465050296621
1053,307770,15527,104,133,314,25.17363302634121
1054,308100,15540,101,133,330,25.174967824967826
1055,308423,15554,102,133,323,25.18889031760319
1056,308783,15614,103,133,360,25.16683745356731
1057,309090,15627,104,133,307,25.233570103026814
1058,309407,15650,105,133,317,25.291693290734823
1059,309701,15615,106,133,294,25.32724943964137
1060,310018,15601,107,133,317,25.335363117748862
1061,310381,15641,108,133,363,25.27363979285212
1062,310721,15655,95,133,340,25.248099648674543
1063,311058,15678,95,133,337,25.26144916443424
1064,311410,15705,96,133,352,25.21458134352117
1065,311752,15737,97,133,342,25.194509754082734
1066,312102,15735,94,133,350,25.131045440101683
1067,312444,15755,88,133,342,25.128721040939386
1068,312745,15743,89,133,301,25.198627961633743
1069,313076,15734,90,133,331,25.177513664675224
1070,313395,15729,91,133,319,25.216288384512684
1071,313717,15715,92,133,322,25.226471524021637
1072,314021,15661,93,133,304,25.223548943234785
1073,314357,15627,94,133,336,25.178665130863248
1074,314700,15642,95,133,343,25.159890039636874
1075,315042,15637,96,133,342,25.097653002494084
1076,315365,15620,97,133,323,25.111523687580025
1077,315685,15612,98,133,320,25.131949782218808
1078,315998,15583,99,133,313,25.124366296605274
1079,316305,15524,100,133,307,25.138173151249678
1080,316613,15487,101,133,308,25.154581261703363
1081,316903,15458,102,133,290,25.199055505240004
1082,317225,15448,103,133,322,25.183713102019677
1083,317533,15429,104,133,308,25.206818329120487
1084,317861,15421,105,133,328,25.165229232864277
1085,318191,15421,103,133,330,25.120614746125412
1086,318480,15357,104,133,289,25.123787198020448
1087,318807,15349,97,133,327,25.09427324255652
1088,319143,15364,98,133,336,25.07081489195522
1089,319466,15323,99,133,323,25.02120994583306
1090,319773,15299,100,133,307,25.002157003725735
1091,320113,15315,101,133,340,24.91139405811296
1092,320442,15323,102,133,329,24.885596815245055
1093,320771,15339,98,133,329,24.89047525914336
1094,321091,15370,99,133,320,24.94196486662329
1095,321418,15415,100,133,327,24.99798897178073
1096,321749,15462,101,133,331,25.042491268917345
1097,322069,15486,97,133,320,25.053403073744025
1098,322383,15524,96,133,314,25.13102293223396
1099,322722,15570,97,133,339,25.158509955041747
1100,323033,15575,98,133,311,25.207191011235956
1101,323335,15551,99,133,302,25.2606906308276
1102,323646,15534,100,133,311,25.28267027166216
1103,323950,15533,101,133,304,25.35125217279341
1104,324268,15555,102,133,318,25.3847637415622
1105,324605,15600,102,133,337,25.410833333333333
1106,324922,15589,103,133,317,25.428314837385336
1107,325255,15598,104,133,333,25.415758430568022
1108,325561,15588,105,133,306,25.473697716191943
1109,325868,15598,106,133,307,25.5242979869214
1110,326213,15636,99,133,345,25.505883857764132
1111,326510,15630,97,133,297,25.578630838131797
1112,326842,15691,98,133,332,25.645210630297623
1113,327140,15668,99,133,298,25.7080035741639
1114,327448,15652,100,133,308,25.732941477127525
1115,327753,15605,101,133,305,25.714194168535727
1116,328077,15618,102,133,324,25.720898962735305
1117,328377,15605,103,133,300,25.76744633130407
1118,328695,15643,104,133,318,25.83647637921115
1119,329026,15647,105,133,331,25.82386399948872
1120,329323,15613,106,133,297,25.844680714788957
1121,329631,15603,107,133,308,25.87681856053323
1122,329983,15635,108,133,352,25.817268947873362
1123,330270,15614,109,133,287,25.893749199436403
1124,330592,15608,110,133,322,25.867631983598155
1125,330912,15595,111,133,320,25.860532221865984
1126,331234,15577,112,133,322,25.800025678885536
1127,331579,15613,113,133,345,25.773586114135657
1128,331916,15660,106,133,337,25.772094508301404
1129,332236,15682,107,133,320,25.80468052544318
1130,332570,15678,108,133,334,25.779499936216354
1131,332887,15671,109,133,317,25.77391359836641
1132,333221,15674,110,133,334,25.7643230828123
1133,333578,15686,111,133,357,25.666836669641718
1134,333893,15662,112,133,315,25.6605158983527
1135,334221,15670,113,133,328,25.665858328015315
1136,334579,15689,114,133,358,25.576582318822105
1137,334910,15694,115,133,331,25.536765642920862
1138,335213,15665,116,133,303,25.522757740185128
1139,335518,15640,117,133,305,25.53727621483376
1140,335851,15642,118,133,333,25.482035545326685
1141,336209,15664,119,133,358,25.372191011235955
1142,336537,15647,120,133,328,25.32932830574551
1143,336862,15628,121,133,325,25.27636293831584
1144,337199,15601,106,133,337,25.172040253829884
1145,337559,15658,107,133,360,25.12338740579895
1146,337911,15681,108,133,352,25.068299215611248
1147,338231,15673,109,133,320,25.030625917182416
1148,338578,15702,110,133,347,25.0025474461852
1149,338934,15725,111,133,356,24.932655007949126
1150,339251,15713,112,133,317,24.95538725895755
1151,339576,15707,113,133,325,24.937989431463677
1152,339909,15706,114,133,333,24.91729275436139
1153,340255,15714,110,133,346,24.862670230367826
1154,340583,15723,109,133,328,24.885200025440437
1155,340900,15722,110,133,317,24.90898104566849
1156,341214,15702,109,133,314,24.91981913132085
1157,341530,15675,110,133,316,24.899649122807016
1158,341876,15712,108,133,346,24.89161150712831
1159,342195,15714,109,133,319,24.894488990708922
1160,342556,15750,110,133,361,24.851492063492064
1161,342878,15743,111,133,322,24.845836244680175
1162,343212,15717,112,133,334,24.78170134249539
1163,343509,15696,113,133,297,24.85028032619776
1164,343836,15714,114,133,327,24.879025073183147
1165,344181,15746,115,133,345,24.877492696557855
1166,344519,15754,110,133,338,24.868477846896027
1167,344859,15786,111,133,340,24.86354998099582
1168,345197,15794,112,133,338,24.846080790173485
1169,345497,15758,113,133,300,24.869907348648304
1170,345819,15769,113,133,322,24.915593886739806
1171,346128,15769,114,133,309,25.001585389054473
1172,346470,15793,115,133,342,24.998353701006774
1173,346804,15807,111,133,334,25.00303662934143
1174,347144,15817,112,133,340,24.983688436492383
1175,347470,15804,113,133,326,24.988926853961022
1176,347800,15794,101,133,330,24.996011143472206
1177,348135,15782,102,133,335,24.98656697503485
1178,348470,15778,94,133,335,24.978070731398148
1179,348807,15787,95,133,337,24.97561284601254
1180,349138,15787,96,133,331,24.982897320580225
1181,349432,15767,97,133,294,25.053592947294984
1182,349770,15799,97,133,338,25.076333945186406
1183,350089,15783,98,133,319,25.106316923271876
1184,350444,15794,99,133,355,25.068507027985312
1185,350816,15827,100,133,372,25.025525999873633
1186,351140,15826,101,133,324,25.043599140654617
1187,351452,15816,102,133,312,25.083017197774407
1188,351752,15816,103,133,300,25.16533889731917
1189,352085,15837,104,133,333,25.18033718507293
1190,352395,15819,105,133,310,25.212023516025035
1191,352725,15823,106,133,330,25.21095873096126
1192,353066,15809,107,133,341,25.186223037510278
1193,353424,15826,108,133,358,25.123278149879944
1194,353748,15787,109,133,324,25.089567365553936
1195,354078,15796,110,133,330,25.09293492023297
1196,354411,15781,111,133,333,25.041822444711997
1197,354753,15798,112,133,342,25.01019116343841
1198,355079,15783,113,133,326,24.993220553760374
1199,355411,15781,114,133,332,24.987516633926873
1200,355760,15788,115,133,349,24.944198125158348
1201,356090,15793,116,133,330,24.943139365541697
1202,356418,15777,117,133,328,24.91170691512962
1203,356731,15758,118,133,313,24.906840969666202
1204,357064,15729,119,133,333,24.848178523745947
1205,357387,15713,120,133,323,24.852415197607076
1206,357740,15740,121,133,353,24.797141041931386
1207,358056,15699,122,133,316,24.79317153958851
1208,358414,15709,123,133,358,24.727672035139094
1209,358752,15719,115,133,338,24.708060309179974
1210,359079,15688,116,133,327,24.70461499235084
1211,359394,15661,117,133,315,24.71713172849754
1212,359702,15623,118,133,308,24.747231645650643
1213,360003,15602,119,133,301,24.80694782720164
1214,360345,15626,120,133,342,24.81351593498016
1215,360661,15622,121,133,316,24.845794392523363
1216,361003,15639,122,133,342,24.824029669416202
1217,361329,15637,123,133,326,24.828355822728145
1218,361639,15581,124,133,310,24.790064822540273
1219,361974,15596,108,133,335,24.808861246473455
1220,362249,15535,109,133,275,24.900933376247185
1221,362592,15544,110,133,343,24.872619660319096
1222,362918,15564,111,133,326,24.905872526342844
1223,363260,15584,112,133,342,24.88533110882957
1224,363583,15565,113,133,323,24.8729842595567
1225,363931,15585,114,133,348,24.859480269489893
1226,364247,15605,115,133,316,24.928676706183914
1227,364544,15570,111,133,297,24.99068721901092
1228,364855,15556,112,133,311,25.03362046798663
1229,365171,15541,113,133,316,25.06293031336465
1230,365480,15511,114,133,309,25.090838759589968
1231,365806,15516,115,133,326,25.119747357566382
1232,366138,15515,116,133,332,25.101063486948114
1233,366470,15530,117,133,332,25.097102382485513
1234,366809,15542,97,133,339,25.08782653455154
1235,367129,15515,97,133,320,25.07979374798582
1236,367440,15497,97,133,311,25.10898883654901
1237,367779,15529,98,133,339,25.105608860841006
1238,368134,15551,99,133,355,25.05465886438171
1239,368450,15558,100,133,316,25.103933667566526
1240,368780,15556,101,133,330,25.12921059398303
1241,369115,15573,102,133,335,25.138830026327618
1242,369414,15542,103,133,299,25.198301376914166
1243,369751,15511,104,133,337,25.128102636838374
1244,370066,15513,105,133,315,25.175336814284794
1245,370369,15485,106,133,303,25.17526638682596
1246,370703,15500,107,133,334,25.19225806451613
1247,371018,15494,108,133,315,25.231508971214662
1248,371363,15499,109,133,345,25.172978901864635
1249,371692,15489,110,133,329,25.142681903286203
1250,372009,15464,111,133,317,25.132889291257115
1251,372356,15460,112,133,347,25.115200517464423
1252,372657,15431,113,133,301,25.1519020154235
1253,372980,15433,114,133,323,25.206894317371866
1254,373315,15455,115,133,335,25.187576835975413
1255,373634,15442,116,133,319,25.201398782541123
1256,373961,15444,117,133,327,25.195091945091946
1257,374283,15430,118,133,322,25.199870382372
1258,374587,15398,119,133,304,25.23613456293025
1259,374931,15400,120,133,344,25.155064935064935
1260,375242,15366,121,133,311,25.153846153846153
1261,375557,15380,122,133,315,25.190572171651496
1262,375870,15373,123,133,313,25.22786703961491
1263,376194,15390,124,133,324,25.263287849252762
1264,376490,15360,125,133,296,25.312825520833332
1265,376799,15366,126,133,309,25.362163217493165
1266,377083,15303,127,133,284,25.384303731294516
1267,377419,15314,128,133,336,25.33550999085804
1268,377743,15316,129,133,324,25.32306085139723
1269,378053,15316,118,133,310,25.346892138939673
1270,378393,15324,119,133,340,25.26898981989037
1271,378708,15318,118,133,315,25.27177177177177
1272,379024,15297,119,133,316,25.25835131071452
1273,379348,15270,114,133,324,25.223051735428946
1274,379675,15252,115,133,327,25.199580382900603
1275,379984,15251,109,133,309,25.23932856861845
1276,380300,15247,110,133,316,25.254541877090574
1277,380588,15223,111,133,288,25.3158378768968
1278,380887,15228,112,133,299,25.382847386393486
1279,381189,15204,113,133,302,25.38161010260458
1280,381497,15203,113,133,308,25.414589225810694
1281,381845,15248,114,133,348,25.391657922350472
1282,382142,15229,115,133,297,25.432267384595182
1283,382476,15237,116,133,334,25.37697709522872
1284,382803,15201,117,133,327,25.281889349384908
1285,383124,15197,100,133,321,25.266894781864842
1286,383408,15180,101,133,284,25.354545454545455
1287,383727,15169,102,133,319,25.323093150504317
1288,384051,15136,103,133,324,25.274973572938688
1289,384382,15142,104,133,331,25.244221371021002
1290,384693,15110,100,133,311,25.20264725347452
1291,385018,15088,101,133,325,25.15548780487805
1292,385327,15065,102,133,309,25.162230335214073
1293,385643,15058,103,133,316,25.150152742728118
1294,385961,15038,104,133,318,25.131732943210533
1295,386259,15015,105,133,298,25.153046953046953
1296,386566,14991,106,133,307,25.147555199786538
1297,386885,14984,105,133,319,25.13594500800854
1298,387219,15000,106,133,334,25.0874
1299,387505,14981,100,133,286,25.158734396902744
1300,387842,15011,101,133,337,25.131636799680233
1301,388128,14988,102,133,286,25.178542834267414
1302,388444,15011,103,133,316,25.191726067550462
1303,388749,15022,97,133,305,25.22846491812009
1304,389032,15008,98,133,283,25.319896055437102
1305,389344,15026,99,133,312,25.359709836283773
1306,389662,15023,100,133,318,25.3291619516741
1307,389945,14984,101,133,283,25.341564335290975
1308,390263,15023,102,133,318,25.37868601477734
1309,390549,15006,101,133,286,25.42176462748234
1310,390858,15023,102,133,309,25.460893296944686
1311,391156,15033,103,133,298,25.535089469833036
1312,391469,15054,104,133,313,25.555267702936096
1313,391786,15082,101,133,317,25.565243336427528
1314,392105,15112,102,133,319,25.611236103758603
1315,392382,15089,103,133,277,25.70435416528597
1316,392724,15143,104,133,342,25.704880142640164
1317,393059,15144,105,133,335,25.6358293713682
1318,393380,15173,106,133,321,25.659922230277466
1319,393678,15176,107,133,298,25.722127042698997
1320,393992,15188,108,133,314,25.72649460100079
1321,394322,15194,109,133,330,25.682440437014613
1322,394614,15176,110,133,292,25.729902477596205
1323,394942,15199,111,133,328,25.741627738667017
1324,395268,15199,112,133,326,25.68050529640108
1325,395597,15234,113,133,329,25.68964159117763
1326,395900,15214,114,133,303,25.686933087945313
1327,396196,15218,108,133,296,25.744447364962543
1328,396548,15284,109,133,352,25.717874901858153
1329,396874,15313,110,133,326,25.729119049173903
1330,397202,15349,111,133,328,25.757443481660044
1331,397549,15400,109,133,347,25.737337662337662
1332,397874,15408,110,133,325,25.726181204569055
1333,398183,15375,111,133,309,25.693463414634145
1334,398515,15385,112,133,332,25.6395190120247
1335,398823,15370,113,133,308,25.633832140533507
1336,399130,15367,110,133,307,25.66798984837639
1337,399439,15364,111,133,309,25.65464722728456
1338,399753,15374,112,133,314,25.68882528944972
1339,400058,15351,113,133,305,25.690117907628167
1340,400363,15317,113,133,305,25.67147613762486
1341,400695,15319,114,133,332,25.631176969776096
1342,401000,15298,115,133,305,25.640083671068112
1343,401334,15298,116,133,334,25.595960256242645
1344,401633,15247,117,133,299,25.56680002623467
1345,401953,15225,113,133,320,25.495172413793103
1346,402265,15193,114,133,312,25.47173040215889
1347,402589,15169,115,133,324,25.36047201529435
1348,402907,15139,116,133,318,25.30028403461259
1349,403198,15087,117,133,291,25.3028435076556
1350,403529,15098,118,133,331,25.28242151278315
1351,403857,15094,119,133,328,25.207234662779914
1352,404209,15108,114,133,352,25.10722795869738
1353,404510,15053,115,133,301,25.086095794858167
1354,404811,15034,101,133,301,25.12957296793934
1355,405139,15032,93,133,328,25.100851516764237
1356,405469,15034,94,133,330,25.098243980311295
1357,405802,15023,95,133,333,25.05065566131931
1358,406084,14981,93,133,282,25.088712369000735
1359,406383,14936,94,133,299,25.10464649169791
1360,406695,14925,95,133,312,25.092328308207705
1361,407015,14905,94,133,320,25.04971486078497
1362,407329,14849,95,133,314,24.985520910499023
1363,407647,14823,96,133,318,24.91519935235782
1364,407947,14794,97,133,300,24.92611869676896
1365,408267,14773,98,133,320,24.924524470317472
1366,408580,14754,99,133,313,24.92890063711536
1367,408877,14730,100,133,297,24.96653088934148
1368,409184,14732,101,133,307,25.024232962259028
1369,409477,14706,102,133,293,25.065143478852168
1370,409787,14723,103,133,310,25.107926373701012
1371,410076,14678,104,133,289,25.150020438751874
1372,410365,14643,105,133,289,25.188212797923924
1373,410683,14627,106,133,318,25.198605318930746
1374,410994,14615,107,133,311,25.20807389668149
1375,411287,14590,108,133,293,25.244825222755313
1376,411569,14524,109,133,282,25.26624896722666
1377,411907,14522,110,133,338,25.19164026993527
1378,412205,14465,111,133,298,25.156723124783962
1379,412515,14429,107,133,310,25.11393720978585
1380,412795,14371,108,133,280,25.117041263655974
1381,413091,14310,109,133,296,25.086722571628233
1382,413387,14236,110,133,296,24.99690924416971
1383,413652,14154,111,133,265,24.995548961424333
1384,413984,14161,112,133,332,24.91059953393122
1385,414282,14119,113,133,298,24.872937176853885
1386,414576,14073,114,133,294,24.82413131528459
1387,414872,14042,115,133,296,24.766130180885913
1388,415141,13965,116,133,269,24.753168635875404
1389,415423,13909,105,133,282,24.738730318498813
1390,415682,13836,106,133,259,24.785342584562013
1391,415981,13825,99,133,299,24.773092224231466
1392,416263,13777,100,133,282,24.770849967336865
1393,416540,13732,101,133,277,24.742207981357414
1394,416833,13714,100,133,293,24.706650138544553
1395,417142,13717,101,133,309,24.644382882554495
1396,417430,13728,97,133,288,24.6939831002331
1397,417716,13718,98,133,286,24.70688146960198
1398,418017,13739,99,133,301,24.712497270543707
1399,418299,13719,100,133,282,24.74677454624973
1400,418603,13728,101,133,304,24.725815850815852
1401,418883,13725,102,133,280,24.78287795992714
1402,419179,13707,103,133,296,24.730137885751805
1403,419499,13754,104,133,320,24.71986331249091
1404,419789,13764,105,133,290,24.725806451612904
1405,420073,13767,106,133,284,24.760368998329337
1406,420352,13749,96,133,279,24.78231144083206
1407,420613,13733,97,133,261,24.846865215175125
1408,420899,13733,98,133,286,24.83302992791087
1409,421173,13715,99,133,274,24.85869485964273
1410,421467,13738,100,133,294,24.867884699374
1411,421772,13755,101,133,305,24.8412213740458
1412,422087,13782,102,133,315,24.793716441735597
1413,422365,13770,103,133,278,24.789978213507624
1414,422657,13799,104,133,292,24.805420682658163
1415,422945,13834,105,133,288,24.852031227410727
1416,423264,13887,106,133,319,24.82415208468352
1417,423585,13964,107,133,321,24.850257805786306
1418,423906,14020,108,133,321,24.84493580599144
1419,424204,14064,104,133,298,24.893842434584755
1420,424504,14079,105,133,300,24.91029192414234
1421,424805,14100,106,133,301,24.935744680851062
1422,425123,14142,107,133,318,24.933743459199547
1423,425413,14174,108,133,290,25.014392549738957
1424,425691,14167,109,133,278,25.065221994776593
1425,426007,14227,110,133,316,25.094608842342026
1426,426299,14264,102,133,292,25.162086371284353
1427,426596,14303,98,133,297,25.21352163881703
1428,426892,14321,99,133,296,25.249074785280357
1429,427170,14322,100,133,278,25.296955732439603
1430,427485,14395,101,133,315,25.344216741924278
1431,427781,14399,102,133,296,25.3543996110841
1432,428082,14421,103,133,301,25.356077941890298
1433,428372,14428,104,133,290,25.379470474078182
1434,428668,14415,105,133,296,25.352757544224765
1435,428955,14424,106,133,287,25.386785912368275
1436,429258,14440,107,133,303,25.388504155124654
1437,429568,14450,108,133,310,25.36152249134948
1438,429852,14452,106,133,284,25.38333794630501
1439,430155,14469,107,133,303,25.378464302992604
1440,430495,14516,108,133,340,25.297464866354368
1441,430805,14542,109,133,310,25.296520423600604
1442,431123,14567,110,133,318,25.262991693553925
1443,431434,14613,111,133,311,25.27181276945186
1444,431734,14625,112,133,300,25.27740170940171
1445,432056,14637,113,133,322,25.212270273963245
1446,432341,14647,114,133,285,25.24557929951526
1447,432625,14649,115,133,284,25.302751041026692
1448,432919,14641,116,133,294,25.32791475992077
1449,433200,14618,105,133,281,25.379258448488166
1450,433498,14607,106,133,298,25.35886903539399
1451,433791,14616,107,133,293,25.374521072796934
1452,434091,14622,107,133,300,25.399466557242512
1453,434384,14615,108,133,293,25.40205268559699
1454,434695,14634,109,133,311,25.375085417520843
1455,435007,14649,110,133,312,25.379479827974606
1456,435313,14652,111,133,306,25.373600873600875
1457,435604,14661,112,133,291,25.424118409385443
1458,435873,14638,113,133,269,25.488318076239924
1459,436143,14602,114,133,270,25.54602109300096
1460,436459,14616,93,133,316,25.516283524904214
1461,436772,14613,94,133,313,25.499555190583727
1462,437070,14597,95,133,298,25.511269438925808
1463,437367,14593,96,133,297,25.51723429041321
1464,437660,14581,97,133,293,25.54447568753858
1465,437951,14577,98,133,291,25.57748507923441
1466,438276,14613,99,133,325,25.557927872442345
1467,438604,14640,100,133,328,25.533743169398907
1468,438882,14608,101,133,278,25.565580503833516
1469,439183,14600,102,133,301,25.548835616438357
1470,439471,14569,103,133,288,25.55583773766216
1471,439771,14567,104,133,300,25.55529621747786
1472,440064,14533,105,133,293,25.53732883781738
1473,440340,14505,106,133,276,25.58097207859359
1474,440621,14503,107,133,281,25.674412190581258
1475,440932,14501,108,133,311,25.647265705813393
1476,441211,14476,109,133,279,25.69473611494888
1477,441510,14478,110,133,299,25.690841276419395
1478,441805,14478,111,133,295,25.700787401574804
1479,442122,14488,112,133,317,25.616717283268912
1480,442414,14472,113,133,292,25.63425925925926
1481,442708,14463,114,133,294,25.631957408559774
1482,443006,14436,115,133,298,25.607786090329732
1483,443295,14423,116,133,289,25.622131318033695
1484,443594,14414,117,133,299,25.598376578326626
1485,443904,14426,117,133,310,25.585054762234854
1486,444184,14409,118,133,280,25.599902838503713
1487,444466,14366,119,133,282,25.57295002088264
1488,444746,14352,120,133,280,25.595596432552956
1489,445082,14398,105,133,336,25.53632448951243
1490,445393,14392,106,133,311,25.48061423012785
1491,445708,14395,107,133,315,25.4257728377909
1492,446026,14394,108,133,318,25.346116437404476
1493,446339,14375,109,133,313,25.24911304347826
1494,446645,14351,110,133,306,25.176851787331895
1495,446933,14328,111,133,288,25.169877163595757
1496,447220,14308,112,133,287,25.172351132233715
1497,447538,14328,113,133,318,25.126535455053045
1498,447834,14336,114,133,296,25.126534598214285
1499,448129,14354,115,133,295,25.14225999721332
1500,448438,14363,116,133,309,25.11341641718304
1501,448750,14382,117,133,312,25.095814212209707
1502,449030,14358,113,133,280,25.146050982030925
1503,449341,14381,114,133,311,25.144078993115915
1504,449635,14387,115,133,294,25.154375477861958
1505,449939,14409,116,133,304,25.17308626552849
1506,450264,14451,117,133,325,25.16317209881669
1507,450594,14486,118,133,330,25.123705646831425
1508,450926,14513,119,133,332,25.07234892854682
1509,451231,14552,120,133,305,25.153449697636063
1510,451564,14594,121,133,333,25.126147731944634
1511,451886,14600,122,133,322,25.059109589041096
1512,452168,14576,123,133,282,25.08651207464325
1513,452473,14563,124,133,305,25.045801002540685
1514,452789,14590,104,133,316,25.061480466072652
1515,453086,14592,101,133,297,25.08984375
1516,453390,14610,102,133,304,25.10116358658453
1517,453684,14623,103,133,294,25.133830267386994
1518,453990,14640,104,133,306,25.158060109289618
1519,454289,14657,105,133,299,25.21273111823702
1520,454568,14658,106,133,279,25.298949379178605
1521,454908,14706,107,133,340,25.250033999728004
1522,455196,14706,108,133,288,25.282265741874063
1523,455478,14679,109,133,282,25.321888412017167
1524,455765,14689,110,133,287,25.383892708829737
1525,456057,14687,111,133,292,25.401647715666915
1526,456356,